DrugBank ID,Name,Type,UniProt ID,UniProt Name
DB00023,Asparaginase Escherichia coli,BiotechDrug,P05543,Thyroxine-binding globulin
DB00059,Pegaspargase,BiotechDrug,P05543,Thyroxine-binding globulin
DB00070,Hyaluronidase (ovine),BiotechDrug,P02768,Serum albumin
DB00080,Daptomycin,SmallMoleculeDrug,P02768,Serum albumin
DB00080,Daptomycin,SmallMoleculeDrug,P02763,Alpha-1-acid glycoprotein 1
DB00080,Daptomycin,SmallMoleculeDrug,P01009,Alpha-1-antitrypsin
DB00080,Daptomycin,SmallMoleculeDrug,P01130,Low-density lipoprotein receptor
DB00080,Daptomycin,SmallMoleculeDrug,P04278,Sex hormone-binding globulin
DB00080,Daptomycin,SmallMoleculeDrug,P02790,Hemopexin
DB00083,Botulinum toxin type A,BiotechDrug,P02768,Serum albumin
DB00104,Octreotide,BiotechDrug,P02768,Serum albumin
DB00107,Oxytocin,BiotechDrug,P01178,Oxytocin-neurophysin 1
DB00126,Ascorbic acid,SmallMoleculeDrug,P02768,Serum albumin
DB00132,alpha-Linolenic acid,SmallMoleculeDrug,O15540,"Fatty acid-binding protein, brain"
DB00136,Calcitriol,SmallMoleculeDrug,P02774,Vitamin D-binding protein
DB00137,Lutein,SmallMoleculeDrug,P02768,Serum albumin
DB00152,Thiamine,SmallMoleculeDrug,P02768,Serum albumin
DB00153,Ergocalciferol,SmallMoleculeDrug,P02774,Vitamin D-binding protein
DB00159,Icosapent,SmallMoleculeDrug,P02768,Serum albumin
DB00162,Vitamin A,SmallMoleculeDrug,P02768,Serum albumin
DB00162,Vitamin A,SmallMoleculeDrug,P12271,Retinaldehyde-binding protein 1
DB00162,Vitamin A,SmallMoleculeDrug,P10745,Retinol-binding protein 3
DB00162,Vitamin A,SmallMoleculeDrug,P09455,Retinol-binding protein 1
DB00162,Vitamin A,SmallMoleculeDrug,P82980,Retinol-binding protein 5
DB00162,Vitamin A,SmallMoleculeDrug,Q96R05,Retinoid-binding protein 7
DB00162,Vitamin A,SmallMoleculeDrug,P02753,Retinol-binding protein 4
DB00162,Vitamin A,SmallMoleculeDrug,P50120,Retinol-binding protein 2
DB00163,Vitamin E,SmallMoleculeDrug,O76054,SEC14-like protein 2
DB00163,Vitamin E,SmallMoleculeDrug,Q9UDX4,SEC14-like protein 3
DB00163,Vitamin E,SmallMoleculeDrug,P55058,Phospholipid transfer protein
DB00163,Vitamin E,SmallMoleculeDrug,P49638,Alpha-tocopherol transfer protein
DB00165,Pyridoxine,SmallMoleculeDrug,P02768,Serum albumin
DB00169,Cholecalciferol,SmallMoleculeDrug,P02774,Vitamin D-binding protein
DB00180,Flunisolide,SmallMoleculeDrug,P08185,Corticosteroid-binding globulin
DB00200,Hydroxocobalamin,SmallMoleculeDrug,P20062,Transcobalamin-2
DB00214,Torasemide,SmallMoleculeDrug,P02768,Serum albumin
DB00220,Nelfinavir,SmallMoleculeDrug,P02768,Serum albumin
DB00220,Nelfinavir,SmallMoleculeDrug,P02763,Alpha-1-acid glycoprotein 1
DB00227,Lovastatin,SmallMoleculeDrug,P02768,Serum albumin
DB00228,Enflurane,SmallMoleculeDrug,P02768,Serum albumin
DB00237,Butabarbital,SmallMoleculeDrug,P02768,Serum albumin
DB00238,Nevirapine,SmallMoleculeDrug,P02768,Serum albumin
DB00240,Alclometasone,SmallMoleculeDrug,P08185,Corticosteroid-binding globulin
DB00243,Ranolazine,SmallMoleculeDrug,P02763,Alpha-1-acid glycoprotein 1
DB00245,Benzatropine,SmallMoleculeDrug,P02768,Serum albumin
DB00246,Ziprasidone,SmallMoleculeDrug,P02768,Serum albumin
DB00246,Ziprasidone,SmallMoleculeDrug,P02763,Alpha-1-acid glycoprotein 1
DB00252,Phenytoin,SmallMoleculeDrug,P02768,Serum albumin
DB00252,Phenytoin,SmallMoleculeDrug,P05543,Thyroxine-binding globulin
DB00253,Medrysone,SmallMoleculeDrug,P08185,Corticosteroid-binding globulin
DB00254,Doxycycline,SmallMoleculeDrug,P02768,Serum albumin
DB00255,Diethylstilbestrol,SmallMoleculeDrug,P02766,Transthyretin
DB00264,Metoprolol,SmallMoleculeDrug,P02768,Serum albumin
DB00266,Dicoumarol,SmallMoleculeDrug,P02768,Serum albumin
DB00273,Topiramate,SmallMoleculeDrug,P02768,Serum albumin
DB00274,Cefmetazole,SmallMoleculeDrug,P02768,Serum albumin
DB00278,Argatroban,SmallMoleculeDrug,P02768,Serum albumin
DB00278,Argatroban,SmallMoleculeDrug,P02763,Alpha-1-acid glycoprotein 1
DB00278,Argatroban,SmallMoleculeDrug,P19652,Alpha-1-acid glycoprotein 2
DB00279,Liothyronine,SmallMoleculeDrug,P02766,Transthyretin
DB00279,Liothyronine,SmallMoleculeDrug,P05543,Thyroxine-binding globulin
DB00279,Liothyronine,SmallMoleculeDrug,P02768,Serum albumin
DB00280,Disopyramide,SmallMoleculeDrug,P02763,Alpha-1-acid glycoprotein 1
DB00286,Conjugated estrogens,SmallMoleculeDrug,P05543,Thyroxine-binding globulin
DB00286,Conjugated estrogens,SmallMoleculeDrug,P04278,Sex hormone-binding globulin
DB00286,Conjugated estrogens,SmallMoleculeDrug,P02768,Serum albumin
DB00289,Atomoxetine,SmallMoleculeDrug,P02768,Serum albumin
DB00289,Atomoxetine,SmallMoleculeDrug,P02763,Alpha-1-acid glycoprotein 1
DB00289,Atomoxetine,SmallMoleculeDrug,P19652,Alpha-1-acid glycoprotein 2
DB00289,Atomoxetine,SmallMoleculeDrug,P12314,High affinity immunoglobulin gamma Fc receptor I
DB00292,Etomidate,SmallMoleculeDrug,P11166,"Solute carrier family 2, facilitated glucose transporter member 1"
DB00294,Etonogestrel,SmallMoleculeDrug,P02768,Serum albumin
DB00294,Etonogestrel,SmallMoleculeDrug,P04278,Sex hormone-binding globulin
DB00295,Morphine,SmallMoleculeDrug,P02768,Serum albumin
DB00296,Ropivacaine,SmallMoleculeDrug,P02763,Alpha-1-acid glycoprotein 1
DB00303,Ertapenem,SmallMoleculeDrug,P02768,Serum albumin
DB00304,Desogestrel,SmallMoleculeDrug,P02768,Serum albumin
DB00304,Desogestrel,SmallMoleculeDrug,P04278,Sex hormone-binding globulin
DB00310,Chlorthalidone,SmallMoleculeDrug,P02768,Serum albumin
DB00313,Valproic acid,SmallMoleculeDrug,P02768,Serum albumin
DB00316,Acetaminophen,SmallMoleculeDrug,P02768,Serum albumin
DB00317,Gefitinib,SmallMoleculeDrug,P02768,Serum albumin
DB00317,Gefitinib,SmallMoleculeDrug,P02763,Alpha-1-acid glycoprotein 1
DB00321,Amitriptyline,SmallMoleculeDrug,P02768,Serum albumin
DB00321,Amitriptyline,SmallMoleculeDrug,P02763,Alpha-1-acid glycoprotein 1
DB00322,Floxuridine,SmallMoleculeDrug,P05543,Thyroxine-binding globulin
DB00324,Fluorometholone,SmallMoleculeDrug,P08185,Corticosteroid-binding globulin
DB00327,Hydromorphone,SmallMoleculeDrug,P02768,Serum albumin
DB00328,Indomethacin,SmallMoleculeDrug,P02768,Serum albumin
DB00332,Ipratropium,SmallMoleculeDrug,P02768,Serum albumin
DB00332,Ipratropium,SmallMoleculeDrug,P02763,Alpha-1-acid glycoprotein 1
DB00332,Ipratropium,SmallMoleculeDrug,P19652,Alpha-1-acid glycoprotein 2
DB00333,Methadone,SmallMoleculeDrug,P02763,Alpha-1-acid glycoprotein 1
DB00333,Methadone,SmallMoleculeDrug,P02768,Serum albumin
DB00334,Olanzapine,SmallMoleculeDrug,P02768,Serum albumin
DB00334,Olanzapine,SmallMoleculeDrug,P02763,Alpha-1-acid glycoprotein 1
DB00335,Atenolol,SmallMoleculeDrug,P02768,Serum albumin
DB00342,Terfenadine,SmallMoleculeDrug,P02763,Alpha-1-acid glycoprotein 1
DB00342,Terfenadine,SmallMoleculeDrug,P19652,Alpha-1-acid glycoprotein 2
DB00342,Terfenadine,SmallMoleculeDrug,P02768,Serum albumin
DB00343,Diltiazem,SmallMoleculeDrug,P02768,Serum albumin
DB00343,Diltiazem,SmallMoleculeDrug,P02763,Alpha-1-acid glycoprotein 1
DB00346,Alfuzosin,SmallMoleculeDrug,P02768,Serum albumin
DB00346,Alfuzosin,SmallMoleculeDrug,P02763,Alpha-1-acid glycoprotein 1
DB00349,Clobazam,SmallMoleculeDrug,P02768,Serum albumin
DB00349,Clobazam,SmallMoleculeDrug,P02763,Alpha-1-acid glycoprotein 1
DB00363,Clozapine,SmallMoleculeDrug,P02763,Alpha-1-acid glycoprotein 1
DB00363,Clozapine,SmallMoleculeDrug,P02768,Serum albumin
DB00366,Doxylamine,SmallMoleculeDrug,P02768,Serum albumin
DB00376,Trihexyphenidyl,SmallMoleculeDrug,P02768,Serum albumin
DB00391,Sulpiride,SmallMoleculeDrug,P02768,Serum albumin
DB00394,Beclomethasone dipropionate,SmallMoleculeDrug,P08185,Corticosteroid-binding globulin
DB00404,Alprazolam,SmallMoleculeDrug,P02768,Serum albumin
DB00404,Alprazolam,SmallMoleculeDrug,P02763,Alpha-1-acid glycoprotein 1
DB00404,Alprazolam,SmallMoleculeDrug,P19652,Alpha-1-acid glycoprotein 2
DB00409,Remoxipride,SmallMoleculeDrug,P02763,Alpha-1-acid glycoprotein 1
DB00409,Remoxipride,SmallMoleculeDrug,P19652,Alpha-1-acid glycoprotein 2
DB00412,Rosiglitazone,SmallMoleculeDrug,P02768,Serum albumin
DB00414,Acetohexamide,SmallMoleculeDrug,P02768,Serum albumin
DB00415,Ampicillin,SmallMoleculeDrug,P02768,Serum albumin
DB00421,Spironolactone,SmallMoleculeDrug,P02768,Serum albumin
DB00421,Spironolactone,SmallMoleculeDrug,P02763,Alpha-1-acid glycoprotein 1
DB00421,Spironolactone,SmallMoleculeDrug,P19652,Alpha-1-acid glycoprotein 2
DB00427,Triprolidine,SmallMoleculeDrug,P02768,Serum albumin
DB00430,Cefpiramide,SmallMoleculeDrug,P02768,Serum albumin
DB00432,Trifluridine,SmallMoleculeDrug,P02768,Serum albumin
DB00434,Cyproheptadine,SmallMoleculeDrug,P02768,Serum albumin
DB00438,Ceftazidime,SmallMoleculeDrug,P02768,Serum albumin
DB00443,Betamethasone,SmallMoleculeDrug,P02768,Serum albumin
DB00443,Betamethasone,SmallMoleculeDrug,P08185,Corticosteroid-binding globulin
DB00451,Levothyroxine,SmallMoleculeDrug,P02766,Transthyretin
DB00451,Levothyroxine,SmallMoleculeDrug,P05543,Thyroxine-binding globulin
DB00451,Levothyroxine,SmallMoleculeDrug,P02768,Serum albumin
DB00454,Meperidine,SmallMoleculeDrug,P02768,Serum albumin
DB00454,Meperidine,SmallMoleculeDrug,P02763,Alpha-1-acid glycoprotein 1
DB00456,Cefalotin,SmallMoleculeDrug,P02768,Serum albumin
DB00457,Prazosin,SmallMoleculeDrug,P02763,Alpha-1-acid glycoprotein 1
DB00458,Imipramine,SmallMoleculeDrug,P02763,Alpha-1-acid glycoprotein 1
DB00458,Imipramine,SmallMoleculeDrug,P02768,Serum albumin
DB00459,Acitretin,SmallMoleculeDrug,P02768,Serum albumin
DB00461,Nabumetone,SmallMoleculeDrug,P02768,Serum albumin
DB00472,Fluoxetine,SmallMoleculeDrug,P02768,Serum albumin
DB00472,Fluoxetine,SmallMoleculeDrug,P02763,Alpha-1-acid glycoprotein 1
DB00476,Duloxetine,SmallMoleculeDrug,P02768,Serum albumin
DB00476,Duloxetine,SmallMoleculeDrug,P02763,Alpha-1-acid glycoprotein 1
DB00476,Duloxetine,SmallMoleculeDrug,P19652,Alpha-1-acid glycoprotein 2
DB00477,Chlorpromazine,SmallMoleculeDrug,P02768,Serum albumin
DB00481,Raloxifene,SmallMoleculeDrug,P02768,Serum albumin
DB00481,Raloxifene,SmallMoleculeDrug,P02763,Alpha-1-acid glycoprotein 1
DB00485,Dicloxacillin,SmallMoleculeDrug,P02768,Serum albumin
DB00490,Buspirone,SmallMoleculeDrug,P02768,Serum albumin
DB00490,Buspirone,SmallMoleculeDrug,P02763,Alpha-1-acid glycoprotein 1
DB00495,Zidovudine,SmallMoleculeDrug,P02768,Serum albumin
DB00497,Oxycodone,SmallMoleculeDrug,P02768,Serum albumin
DB00497,Oxycodone,SmallMoleculeDrug,P02763,Alpha-1-acid glycoprotein 1
DB00497,Oxycodone,SmallMoleculeDrug,P19652,Alpha-1-acid glycoprotein 2
DB00500,Tolmetin,SmallMoleculeDrug,P02768,Serum albumin
DB00501,Cimetidine,SmallMoleculeDrug,P02768,Serum albumin
DB00503,Ritonavir,SmallMoleculeDrug,P02768,Serum albumin
DB00503,Ritonavir,SmallMoleculeDrug,P02763,Alpha-1-acid glycoprotein 1
DB00512,Vancomycin,SmallMoleculeDrug,P02768,Serum albumin
DB00512,Vancomycin,SmallMoleculeDrug,P02763,Alpha-1-acid glycoprotein 1
DB00512,Vancomycin,SmallMoleculeDrug,P19652,Alpha-1-acid glycoprotein 2
DB00512,Vancomycin,SmallMoleculeDrug,P70174,Histamine H1 receptor
DB00515,Cisplatin,SmallMoleculeDrug,P02768,Serum albumin
DB00523,Alitretinoin,SmallMoleculeDrug,P29373,Cellular retinoic acid-binding protein 2
DB00523,Alitretinoin,SmallMoleculeDrug,P29762,Cellular retinoic acid-binding protein 1
DB00526,Oxaliplatin,SmallMoleculeDrug,P02768,Serum albumin
DB00530,Erlotinib,SmallMoleculeDrug,P02768,Serum albumin
DB00530,Erlotinib,SmallMoleculeDrug,P02763,Alpha-1-acid glycoprotein 1
DB00532,Mephenytoin,SmallMoleculeDrug,P05543,Thyroxine-binding globulin
DB00537,Ciprofloxacin,SmallMoleculeDrug,P02768,Serum albumin
DB00540,Nortriptyline,SmallMoleculeDrug,P02768,Serum albumin
DB00540,Nortriptyline,SmallMoleculeDrug,P02763,Alpha-1-acid glycoprotein 1
DB00543,Amoxapine,SmallMoleculeDrug,P02763,Alpha-1-acid glycoprotein 1
DB00544,Fluorouracil,SmallMoleculeDrug,P02768,Serum albumin
DB00544,Fluorouracil,SmallMoleculeDrug,P05543,Thyroxine-binding globulin
DB00554,Piroxicam,SmallMoleculeDrug,P02768,Serum albumin
DB00555,Lamotrigine,SmallMoleculeDrug,P02768,Serum albumin
DB00557,Hydroxyzine,SmallMoleculeDrug,P02768,Serum albumin
DB00563,Methotrexate,SmallMoleculeDrug,P02768,Serum albumin
DB00567,Cephalexin,SmallMoleculeDrug,P02768,Serum albumin
DB00568,Cinnarizine,SmallMoleculeDrug,P02768,Serum albumin
DB00571,Propranolol,SmallMoleculeDrug,P02763,Alpha-1-acid glycoprotein 1
DB00571,Propranolol,SmallMoleculeDrug,P02768,Serum albumin
DB00572,Atropine,SmallMoleculeDrug,P02763,Alpha-1-acid glycoprotein 1
DB00573,Fenoprofen,SmallMoleculeDrug,P02768,Serum albumin
DB00575,Clonidine,SmallMoleculeDrug,P02768,Serum albumin
DB00576,Sulfamethizole,SmallMoleculeDrug,P02768,Serum albumin
DB00584,Enalapril,SmallMoleculeDrug,P02768,Serum albumin
DB00586,Diclofenac,SmallMoleculeDrug,P02766,Transthyretin
DB00586,Diclofenac,SmallMoleculeDrug,P02768,Serum albumin
DB00588,Fluticasone propionate,SmallMoleculeDrug,Q9Y6L6,Solute carrier organic anion transporter family member 1B1
DB00588,Fluticasone propionate,SmallMoleculeDrug,P08185,Corticosteroid-binding globulin
DB00591,Fluocinolone acetonide,SmallMoleculeDrug,P08185,Corticosteroid-binding globulin
DB00595,Oxytetracycline,SmallMoleculeDrug,P02768,Serum albumin
DB00596,Ulobetasol,SmallMoleculeDrug,P08185,Corticosteroid-binding globulin
DB00598,Labetalol,SmallMoleculeDrug,P02768,Serum albumin
DB00598,Labetalol,SmallMoleculeDrug,P02763,Alpha-1-acid glycoprotein 1
DB00598,Labetalol,SmallMoleculeDrug,P19652,Alpha-1-acid glycoprotein 2
DB00601,Linezolid,SmallMoleculeDrug,P02768,Serum albumin
DB00603,Medroxyprogesterone acetate,SmallMoleculeDrug,P02768,Serum albumin
DB00605,Sulindac,SmallMoleculeDrug,P02768,Serum albumin
DB00607,Nafcillin,SmallMoleculeDrug,P02768,Serum albumin
DB00608,Chloroquine,SmallMoleculeDrug,P02768,Serum albumin
DB00608,Chloroquine,SmallMoleculeDrug,P02763,Alpha-1-acid glycoprotein 1
DB00608,Chloroquine,SmallMoleculeDrug,P19652,Alpha-1-acid glycoprotein 2
DB00619,Imatinib,SmallMoleculeDrug,P02768,Serum albumin
DB00619,Imatinib,SmallMoleculeDrug,P02763,Alpha-1-acid glycoprotein 1
DB00620,Triamcinolone,SmallMoleculeDrug,P08185,Corticosteroid-binding globulin
DB00620,Triamcinolone,SmallMoleculeDrug,P02768,Serum albumin
DB00624,Testosterone,SmallMoleculeDrug,P02768,Serum albumin
DB00624,Testosterone,SmallMoleculeDrug,P04278,Sex hormone-binding globulin
DB00625,Efavirenz,SmallMoleculeDrug,P02768,Serum albumin
DB00627,Niacin,SmallMoleculeDrug,P05543,Thyroxine-binding globulin
DB00635,Prednisone,SmallMoleculeDrug,P02768,Serum albumin
DB00635,Prednisone,SmallMoleculeDrug,P08185,Corticosteroid-binding globulin
DB00636,Clofibrate,SmallMoleculeDrug,P05543,Thyroxine-binding globulin
DB00640,Adenosine,SmallMoleculeDrug,P02768,Serum albumin
DB00642,Pemetrexed,SmallMoleculeDrug,P02768,Serum albumin
DB00648,Mitotane,SmallMoleculeDrug,P05543,Thyroxine-binding globulin
DB00648,Mitotane,SmallMoleculeDrug,P04278,Sex hormone-binding globulin
DB00648,Mitotane,SmallMoleculeDrug,P08185,Corticosteroid-binding globulin
DB00649,Stavudine,SmallMoleculeDrug,P02768,Serum albumin
DB00655,Estrone,SmallMoleculeDrug,P02768,Serum albumin
DB00661,Verapamil,SmallMoleculeDrug,P02768,Serum albumin
DB00661,Verapamil,SmallMoleculeDrug,P02763,Alpha-1-acid glycoprotein 1
DB00663,Flumethasone,SmallMoleculeDrug,P08185,Corticosteroid-binding globulin
DB00675,Tamoxifen,SmallMoleculeDrug,P02768,Serum albumin
DB00675,Tamoxifen,SmallMoleculeDrug,P05543,Thyroxine-binding globulin
DB00677,Isoflurophate,SmallMoleculeDrug,P02768,Serum albumin
DB00678,Losartan,SmallMoleculeDrug,P02768,Serum albumin
DB00682,Warfarin,SmallMoleculeDrug,P02768,Serum albumin
DB00682,Warfarin,SmallMoleculeDrug,P02763,Alpha-1-acid glycoprotein 1
DB00683,Midazolam,SmallMoleculeDrug,P02768,Serum albumin
DB00683,Midazolam,SmallMoleculeDrug,P02763,Alpha-1-acid glycoprotein 1
DB00687,Fludrocortisone,SmallMoleculeDrug,P02768,Serum albumin
DB00687,Fludrocortisone,SmallMoleculeDrug,P08185,Corticosteroid-binding globulin
DB00695,Furosemide,SmallMoleculeDrug,P02768,Serum albumin
DB00695,Furosemide,SmallMoleculeDrug,P05543,Thyroxine-binding globulin
DB00706,Tamsulosin,SmallMoleculeDrug,P02763,Alpha-1-acid glycoprotein 1
DB00709,Lamivudine,SmallMoleculeDrug,P02768,Serum albumin
DB00712,Flurbiprofen,SmallMoleculeDrug,P02768,Serum albumin
DB00714,Apomorphine,SmallMoleculeDrug,P02768,Serum albumin
DB00717,Norethisterone,SmallMoleculeDrug,P02768,Serum albumin
DB00717,Norethisterone,SmallMoleculeDrug,P04278,Sex hormone-binding globulin
DB00731,Nateglinide,SmallMoleculeDrug,P02768,Serum albumin
DB00731,Nateglinide,SmallMoleculeDrug,P02763,Alpha-1-acid glycoprotein 1
DB00734,Risperidone,SmallMoleculeDrug,P02768,Serum albumin
DB00734,Risperidone,SmallMoleculeDrug,P02763,Alpha-1-acid glycoprotein 1
DB00737,Meclizine,SmallMoleculeDrug,P02768,Serum albumin
DB00741,Hydrocortisone,SmallMoleculeDrug,P04278,Sex hormone-binding globulin
DB00741,Hydrocortisone,SmallMoleculeDrug,P08185,Corticosteroid-binding globulin
DB00743,Gadobenic acid,SmallMoleculeDrug,P02768,Serum albumin
DB00744,Zileuton,SmallMoleculeDrug,P02768,Serum albumin
DB00748,Carbinoxamine,SmallMoleculeDrug,P02763,Alpha-1-acid glycoprotein 1
DB00748,Carbinoxamine,SmallMoleculeDrug,P19652,Alpha-1-acid glycoprotein 2
DB00749,Etodolac,SmallMoleculeDrug,P02768,Serum albumin
DB00753,Isoflurane,SmallMoleculeDrug,P02768,Serum albumin
DB00754,Ethotoin,SmallMoleculeDrug,P05543,Thyroxine-binding globulin
DB00755,Tretinoin,SmallMoleculeDrug,P02768,Serum albumin
DB00758,Clopidogrel,SmallMoleculeDrug,P02768,Serum albumin
DB00759,Tetracycline,SmallMoleculeDrug,P02768,Serum albumin
DB00762,Irinotecan,SmallMoleculeDrug,P02768,Serum albumin
DB00768,Olopatadine,SmallMoleculeDrug,P02768,Serum albumin
DB00770,Alprostadil,SmallMoleculeDrug,P02768,Serum albumin
DB00774,Hydroflumethiazide,SmallMoleculeDrug,P02768,Serum albumin
DB00776,Oxcarbazepine,SmallMoleculeDrug,P02768,Serum albumin
DB00783,Estradiol,SmallMoleculeDrug,P04278,Sex hormone-binding globulin
DB00783,Estradiol,SmallMoleculeDrug,P02768,Serum albumin
DB00783,Estradiol,SmallMoleculeDrug,P12104,"Fatty acid-binding protein, intestinal"
DB00784,Mefenamic acid,SmallMoleculeDrug,P02768,Serum albumin
DB00787,Acyclovir,SmallMoleculeDrug,P02768,Serum albumin
DB00788,Naproxen,SmallMoleculeDrug,P02768,Serum albumin
DB00792,Tripelennamine,SmallMoleculeDrug,P02768,Serum albumin
DB00795,Sulfasalazine,SmallMoleculeDrug,P02768,Serum albumin
DB00802,Alfentanil,SmallMoleculeDrug,P02763,Alpha-1-acid glycoprotein 1
DB00802,Alfentanil,SmallMoleculeDrug,P02768,Serum albumin
DB00808,Indapamide,SmallMoleculeDrug,P02763,Alpha-1-acid glycoprotein 1
DB00808,Indapamide,SmallMoleculeDrug,P19652,Alpha-1-acid glycoprotein 2
DB00808,Indapamide,SmallMoleculeDrug,P02768,Serum albumin
DB00813,Fentanyl,SmallMoleculeDrug,P02768,Serum albumin
DB00813,Fentanyl,SmallMoleculeDrug,P02763,Alpha-1-acid glycoprotein 1
DB00813,Fentanyl,SmallMoleculeDrug,P19652,Alpha-1-acid glycoprotein 2
DB00814,Meloxicam,SmallMoleculeDrug,P02768,Serum albumin
DB00818,Propofol,SmallMoleculeDrug,P02768,Serum albumin
DB00829,Diazepam,SmallMoleculeDrug,P02768,Serum albumin
DB00842,Oxazepam,SmallMoleculeDrug,P02768,Serum albumin
DB00845,Clofazimine,SmallMoleculeDrug,P02768,Serum albumin
DB00846,Flurandrenolide,SmallMoleculeDrug,P08185,Corticosteroid-binding globulin
DB00847,Cysteamine,SmallMoleculeDrug,P02768,Serum albumin
DB00850,Perphenazine,SmallMoleculeDrug,P02768,Serum albumin
DB00852,Pseudoephedrine,SmallMoleculeDrug,P02768,Serum albumin
DB00853,Temozolomide,SmallMoleculeDrug,P02768,Serum albumin
DB00853,Temozolomide,SmallMoleculeDrug,P02763,Alpha-1-acid glycoprotein 1
DB00857,Terbinafine,SmallMoleculeDrug,P02768,Serum albumin
DB00857,Terbinafine,SmallMoleculeDrug,P02763,Alpha-1-acid glycoprotein 1
DB00857,Terbinafine,SmallMoleculeDrug,P19652,Alpha-1-acid glycoprotein 2
DB00860,Prednisolone,SmallMoleculeDrug,P08185,Corticosteroid-binding globulin
DB00860,Prednisolone,SmallMoleculeDrug,P02768,Serum albumin
DB00861,Diflunisal,SmallMoleculeDrug,P02766,Transthyretin
DB00861,Diflunisal,SmallMoleculeDrug,P02768,Serum albumin
DB00864,Tacrolimus,SmallMoleculeDrug,P02768,Serum albumin
DB00864,Tacrolimus,SmallMoleculeDrug,P02763,Alpha-1-acid glycoprotein 1
DB00870,Suprofen,SmallMoleculeDrug,P02768,Serum albumin
DB00877,Sirolimus,SmallMoleculeDrug,P02768,Serum albumin
DB00877,Sirolimus,SmallMoleculeDrug,P02763,Alpha-1-acid glycoprotein 1
DB00877,Sirolimus,SmallMoleculeDrug,P02647,Apolipoprotein A-I
DB00877,Sirolimus,SmallMoleculeDrug,P02652,Apolipoprotein A-II
DB00877,Sirolimus,SmallMoleculeDrug,P06727,Apolipoprotein A-IV
DB00877,Sirolimus,SmallMoleculeDrug,P04114,Apolipoprotein B-100
DB00877,Sirolimus,SmallMoleculeDrug,P02655,Apolipoprotein C-II
DB00877,Sirolimus,SmallMoleculeDrug,P02656,Apolipoprotein C-III
DB00877,Sirolimus,SmallMoleculeDrug,P05090,Apolipoprotein D
DB00877,Sirolimus,SmallMoleculeDrug,P02649,Apolipoprotein E
DB00877,Sirolimus,SmallMoleculeDrug,O14791,Apolipoprotein L1
DB00877,Sirolimus,SmallMoleculeDrug,O95445,Apolipoprotein M
DB00877,Sirolimus,SmallMoleculeDrug,P08519,Apolipoprotein(a)
DB00878,Chlorhexidine,SmallMoleculeDrug,P02768,Serum albumin
DB00879,Emtricitabine,SmallMoleculeDrug,P02768,Serum albumin
DB00881,Quinapril,SmallMoleculeDrug,P02768,Serum albumin
DB00893,Iron Dextran,SmallMoleculeDrug,P02787,Serotransferrin
DB00896,Rimexolone,SmallMoleculeDrug,P08185,Corticosteroid-binding globulin
DB00900,Didanosine,SmallMoleculeDrug,P02768,Serum albumin
DB00903,Etacrynic acid,SmallMoleculeDrug,P02768,Serum albumin
DB00907,Cocaine,SmallMoleculeDrug,P02763,Alpha-1-acid glycoprotein 1
DB00907,Cocaine,SmallMoleculeDrug,P19652,Alpha-1-acid glycoprotein 2
DB00908,Quinidine,SmallMoleculeDrug,P02768,Serum albumin
DB00908,Quinidine,SmallMoleculeDrug,P02763,Alpha-1-acid glycoprotein 1
DB00912,Repaglinide,SmallMoleculeDrug,P02768,Serum albumin
DB00924,Cyclobenzaprine,SmallMoleculeDrug,P02768,Serum albumin
DB00931,Metacycline,SmallMoleculeDrug,P02768,Serum albumin
DB00934,Maprotiline,SmallMoleculeDrug,P02763,Alpha-1-acid glycoprotein 1
DB00936,Salicylic acid,SmallMoleculeDrug,P02768,Serum albumin
DB00938,Salmeterol,SmallMoleculeDrug,P02768,Serum albumin
DB00938,Salmeterol,SmallMoleculeDrug,P02763,Alpha-1-acid glycoprotein 1
DB00938,Salmeterol,SmallMoleculeDrug,P19652,Alpha-1-acid glycoprotein 2
DB00939,Meclofenamic acid,SmallMoleculeDrug,P05543,Thyroxine-binding globulin
DB00943,Zalcitabine,SmallMoleculeDrug,P02768,Serum albumin
DB00946,Phenprocoumon,SmallMoleculeDrug,P02768,Serum albumin
DB00946,Phenprocoumon,SmallMoleculeDrug,P02763,Alpha-1-acid glycoprotein 1
DB00950,Fexofenadine,SmallMoleculeDrug,P02768,Serum albumin
DB00950,Fexofenadine,SmallMoleculeDrug,P02763,Alpha-1-acid glycoprotein 1
DB00950,Fexofenadine,SmallMoleculeDrug,P19652,Alpha-1-acid glycoprotein 2
DB00951,Isoniazid,SmallMoleculeDrug,P02768,Serum albumin
DB00957,Norgestimate,SmallMoleculeDrug,P02768,Serum albumin
DB00957,Norgestimate,SmallMoleculeDrug,P04278,Sex hormone-binding globulin
DB00959,Methylprednisolone,SmallMoleculeDrug,P02768,Serum albumin
DB00960,Pindolol,SmallMoleculeDrug,P02763,Alpha-1-acid glycoprotein 1
DB00960,Pindolol,SmallMoleculeDrug,P19652,Alpha-1-acid glycoprotein 2
DB00968,Methyldopa,SmallMoleculeDrug,P02768,Serum albumin
DB00977,Ethinylestradiol,SmallMoleculeDrug,P02768,Serum albumin
DB00977,Ethinylestradiol,SmallMoleculeDrug,P04278,Sex hormone-binding globulin
DB00982,Isotretinoin,SmallMoleculeDrug,P02768,Serum albumin
DB00983,Formoterol,SmallMoleculeDrug,P02768,Serum albumin
DB00986,Glycopyrronium,SmallMoleculeDrug,P02768,Serum albumin
DB00986,Glycopyrronium,SmallMoleculeDrug,P02763,Alpha-1-acid glycoprotein 1
DB00986,Glycopyrronium,SmallMoleculeDrug,P19652,Alpha-1-acid glycoprotein 2
DB00993,Azathioprine,SmallMoleculeDrug,P02768,Serum albumin
DB00995,Auranofin,SmallMoleculeDrug,P02768,Serum albumin
DB00997,Doxorubicin,SmallMoleculeDrug,P02768,Serum albumin
DB00999,Hydrochlorothiazide,SmallMoleculeDrug,P02768,Serum albumin
DB01005,Hydroxyurea,SmallMoleculeDrug,P02768,Serum albumin
DB01006,Letrozole,SmallMoleculeDrug,P02768,Serum albumin
DB01009,Ketoprofen,SmallMoleculeDrug,P02768,Serum albumin
DB01013,Clobetasol propionate,SmallMoleculeDrug,P08185,Corticosteroid-binding globulin
DB01013,Clobetasol propionate,SmallMoleculeDrug,P02768,Serum albumin
DB01015,Sulfamethoxazole,SmallMoleculeDrug,P02768,Serum albumin
DB01016,Glyburide,SmallMoleculeDrug,P02768,Serum albumin
DB01024,Mycophenolic acid,SmallMoleculeDrug,P02768,Serum albumin
DB01026,Ketoconazole,SmallMoleculeDrug,P02768,Serum albumin
DB01026,Ketoconazole,SmallMoleculeDrug,P04278,Sex hormone-binding globulin
DB01029,Irbesartan,SmallMoleculeDrug,P02768,Serum albumin
DB01029,Irbesartan,SmallMoleculeDrug,P02763,Alpha-1-acid glycoprotein 1
DB01029,Irbesartan,SmallMoleculeDrug,P19652,Alpha-1-acid glycoprotein 2
DB01032,Probenecid,SmallMoleculeDrug,P02768,Serum albumin
DB01039,Fenofibrate,SmallMoleculeDrug,P02768,Serum albumin
DB01042,Melphalan,SmallMoleculeDrug,P02768,Serum albumin
DB01042,Melphalan,SmallMoleculeDrug,P02763,Alpha-1-acid glycoprotein 1
DB01044,Gatifloxacin,SmallMoleculeDrug,P02768,Serum albumin
DB01045,Rifampicin,SmallMoleculeDrug,P02768,Serum albumin
DB01045,Rifampicin,SmallMoleculeDrug,P02763,Alpha-1-acid glycoprotein 1
DB01045,Rifampicin,SmallMoleculeDrug,P19652,Alpha-1-acid glycoprotein 2
DB01047,Fluocinonide,SmallMoleculeDrug,P08185,Corticosteroid-binding globulin
DB01050,Ibuprofen,SmallMoleculeDrug,P02768,Serum albumin
DB01053,Benzylpenicillin,SmallMoleculeDrug,P02768,Serum albumin
DB01056,Tocainide,SmallMoleculeDrug,P02768,Serum albumin
DB01057,Echothiophate,SmallMoleculeDrug,P02768,Serum albumin
DB01058,Praziquantel,SmallMoleculeDrug,P02768,Serum albumin
DB01060,Amoxicillin,SmallMoleculeDrug,P02768,Serum albumin
DB01062,Oxybutynin,SmallMoleculeDrug,P02763,Alpha-1-acid glycoprotein 1
DB01062,Oxybutynin,SmallMoleculeDrug,P02768,Serum albumin
DB01064,Isoprenaline,SmallMoleculeDrug,P02768,Serum albumin
DB01067,Glipizide,SmallMoleculeDrug,P02768,Serum albumin
DB01068,Clonazepam,SmallMoleculeDrug,P02768,Serum albumin
DB01069,Promethazine,SmallMoleculeDrug,P02768,Serum albumin
DB01072,Atazanavir,SmallMoleculeDrug,P02768,Serum albumin
DB01072,Atazanavir,SmallMoleculeDrug,P02763,Alpha-1-acid glycoprotein 1
DB01072,Atazanavir,SmallMoleculeDrug,P19652,Alpha-1-acid glycoprotein 2
DB01076,Atorvastatin,SmallMoleculeDrug,P02768,Serum albumin
DB01083,Orlistat,SmallMoleculeDrug,P02768,Serum albumin
DB01086,Benzocaine,SmallMoleculeDrug,P02768,Serum albumin
DB01086,Benzocaine,SmallMoleculeDrug,P02763,Alpha-1-acid glycoprotein 1
DB01086,Benzocaine,SmallMoleculeDrug,P19652,Alpha-1-acid glycoprotein 2
DB01088,Iloprost,SmallMoleculeDrug,P02768,Serum albumin
DB01093,Dimethyl sulfoxide,SmallMoleculeDrug,P02766,Transthyretin
DB01098,Rosuvastatin,SmallMoleculeDrug,P02768,Serum albumin
DB01101,Capecitabine,SmallMoleculeDrug,P02768,Serum albumin
DB01104,Sertraline,SmallMoleculeDrug,P02768,Serum albumin
DB01110,Miconazole,SmallMoleculeDrug,P02768,Serum albumin
DB01115,Nifedipine,SmallMoleculeDrug,P02768,Serum albumin
DB01115,Nifedipine,SmallMoleculeDrug,P02763,Alpha-1-acid glycoprotein 1
DB01115,Nifedipine,SmallMoleculeDrug,P19652,Alpha-1-acid glycoprotein 2
DB01118,Amiodarone,SmallMoleculeDrug,P02768,Serum albumin
DB01119,Diazoxide,SmallMoleculeDrug,P02768,Serum albumin
DB01120,Gliclazide,SmallMoleculeDrug,P02768,Serum albumin
DB01124,Tolbutamide,SmallMoleculeDrug,P02768,Serum albumin
DB01126,Dutasteride,SmallMoleculeDrug,P02768,Serum albumin
DB01126,Dutasteride,SmallMoleculeDrug,P02763,Alpha-1-acid glycoprotein 1
DB01132,Pioglitazone,SmallMoleculeDrug,P02768,Serum albumin
DB01133,Tiludronic acid,SmallMoleculeDrug,P02768,Serum albumin
DB01136,Carvedilol,SmallMoleculeDrug,P02768,Serum albumin
DB01137,Levofloxacin,SmallMoleculeDrug,P02768,Serum albumin
DB01138,Sulfinpyrazone,SmallMoleculeDrug,P12104,"Fatty acid-binding protein, intestinal"
DB01142,Doxepin,SmallMoleculeDrug,P02768,Serum albumin
DB01142,Doxepin,SmallMoleculeDrug,P02763,Alpha-1-acid glycoprotein 1
DB01147,Cloxacillin,SmallMoleculeDrug,P02768,Serum albumin
DB01151,Desipramine,SmallMoleculeDrug,P02763,Alpha-1-acid glycoprotein 1
DB01156,Bupropion,SmallMoleculeDrug,P02763,Alpha-1-acid glycoprotein 1
DB01159,Halothane,SmallMoleculeDrug,P02768,Serum albumin
DB01167,Itraconazole,SmallMoleculeDrug,P02768,Serum albumin
DB01169,Arsenic trioxide,SmallMoleculeDrug,P02768,Serum albumin
DB01173,Orphenadrine,SmallMoleculeDrug,P02768,Serum albumin
DB01176,Cyclizine,SmallMoleculeDrug,P02768,Serum albumin
DB01183,Naloxone,SmallMoleculeDrug,P02768,Serum albumin
DB01185,Fluoxymesterone,SmallMoleculeDrug,P04278,Sex hormone-binding globulin
DB01189,Desflurane,SmallMoleculeDrug,P02768,Serum albumin
DB01190,Clindamycin,SmallMoleculeDrug,P02763,Alpha-1-acid glycoprotein 1
DB01195,Flecainide,SmallMoleculeDrug,P02763,Alpha-1-acid glycoprotein 1
DB01195,Flecainide,SmallMoleculeDrug,P19652,Alpha-1-acid glycoprotein 2
DB01195,Flecainide,SmallMoleculeDrug,P02768,Serum albumin
DB01197,Captopril,SmallMoleculeDrug,P02768,Serum albumin
DB01203,Nadolol,SmallMoleculeDrug,P02763,Alpha-1-acid glycoprotein 1
DB01203,Nadolol,SmallMoleculeDrug,P19652,Alpha-1-acid glycoprotein 2
DB01212,Ceftriaxone,SmallMoleculeDrug,P02768,Serum albumin
DB01219,Dantrolene,SmallMoleculeDrug,P05543,Thyroxine-binding globulin
DB01222,Budesonide,SmallMoleculeDrug,P08185,Corticosteroid-binding globulin
DB01222,Budesonide,SmallMoleculeDrug,P02768,Serum albumin
DB01232,Saquinavir,SmallMoleculeDrug,P02763,Alpha-1-acid glycoprotein 1
DB01232,Saquinavir,SmallMoleculeDrug,P02768,Serum albumin
DB01233,Metoclopramide,SmallMoleculeDrug,P02763,Alpha-1-acid glycoprotein 1
DB01234,Dexamethasone,SmallMoleculeDrug,P02768,Serum albumin
DB01235,Levodopa,SmallMoleculeDrug,P02768,Serum albumin
DB01236,Sevoflurane,SmallMoleculeDrug,P02768,Serum albumin
DB01238,Aripiprazole,SmallMoleculeDrug,P02768,Serum albumin
DB01241,Gemfibrozil,SmallMoleculeDrug,P02768,Serum albumin
DB01242,Clomipramine,SmallMoleculeDrug,P02768,Serum albumin
DB01264,Darunavir,SmallMoleculeDrug,P02768,Serum albumin
DB01264,Darunavir,SmallMoleculeDrug,P02763,Alpha-1-acid glycoprotein 1
DB01275,Hydralazine,SmallMoleculeDrug,P02768,Serum albumin
DB01276,Exenatide,BiotechDrug,P02768,Serum albumin
DB01277,Mecasermin,BiotechDrug,P17936,Insulin-like growth factor-binding protein 3
DB01277,Mecasermin,BiotechDrug,P35858,Insulin-like growth factor-binding protein complex acid labile subunit
DB01277,Mecasermin,BiotechDrug,P08833,Insulin-like growth factor-binding protein 1
DB01277,Mecasermin,BiotechDrug,P18065,Insulin-like growth factor-binding protein 2
DB01277,Mecasermin,BiotechDrug,P22692,Insulin-like growth factor-binding protein 4
DB01277,Mecasermin,BiotechDrug,P24593,Insulin-like growth factor-binding protein 5
DB01277,Mecasermin,BiotechDrug,P24592,Insulin-like growth factor-binding protein 6
DB01280,Nelarabine,SmallMoleculeDrug,Q99808,Equilibrative nucleoside transporter 1
DB01294,Bismuth subsalicylate,SmallMoleculeDrug,P02768,Serum albumin
DB01294,Bismuth subsalicylate,SmallMoleculeDrug,P02787,Serotransferrin
DB01307,Insulin detemir,BiotechDrug,P02768,Serum albumin
DB01320,Fosphenytoin,SmallMoleculeDrug,P02768,Serum albumin
DB01320,Fosphenytoin,SmallMoleculeDrug,P05543,Thyroxine-binding globulin
DB01324,Polythiazide,SmallMoleculeDrug,P02768,Serum albumin
DB01327,Cefazolin,SmallMoleculeDrug,P02768,Serum albumin
DB01328,Cefonicid,SmallMoleculeDrug,P02768,Serum albumin
DB01329,Cefoperazone,SmallMoleculeDrug,P02768,Serum albumin
DB01330,Cefotetan,SmallMoleculeDrug,P02768,Serum albumin
DB01359,Penbutolol,SmallMoleculeDrug,P02763,Alpha-1-acid glycoprotein 1
DB01364,Ephedrine,SmallMoleculeDrug,P02768,Serum albumin
DB01370,Aluminium,SmallMoleculeDrug,P02768,Serum albumin
DB01380,Cortisone acetate,SmallMoleculeDrug,P08185,Corticosteroid-binding globulin
DB01380,Cortisone acetate,SmallMoleculeDrug,P02768,Serum albumin
DB01394,Colchicine,SmallMoleculeDrug,P02768,Serum albumin
DB01396,Digitoxin,SmallMoleculeDrug,P02768,Serum albumin
DB01406,Danazol,SmallMoleculeDrug,P04278,Sex hormone-binding globulin
DB01410,Ciclesonide,SmallMoleculeDrug,P08185,Corticosteroid-binding globulin
DB01418,Acenocoumarol,SmallMoleculeDrug,P02768,Serum albumin
DB01418,Acenocoumarol,SmallMoleculeDrug,P02763,Alpha-1-acid glycoprotein 1
DB01420,Testosterone propionate,SmallMoleculeDrug,P04278,Sex hormone-binding globulin
DB01420,Testosterone propionate,SmallMoleculeDrug,P02768,Serum albumin
DB01426,Ajmaline,SmallMoleculeDrug,P02763,Alpha-1-acid glycoprotein 1
DB01436,Alfacalcidol,SmallMoleculeDrug,P02774,Vitamin D-binding protein
DB01436,Alfacalcidol,SmallMoleculeDrug,V9H1D9,Alpha globin
DB01452,Diamorphine,SmallMoleculeDrug,P05543,Thyroxine-binding globulin
DB01581,Sulfamerazine,SmallMoleculeDrug,P02768,Serum albumin
DB01582,Sulfamethazine,SmallMoleculeDrug,P02768,Serum albumin
DB01583,Liotrix,SmallMoleculeDrug,P02766,Transthyretin
DB01583,Liotrix,SmallMoleculeDrug,P05543,Thyroxine-binding globulin
DB01583,Liotrix,SmallMoleculeDrug,P02768,Serum albumin
DB01587,Ketazolam,SmallMoleculeDrug,P02768,Serum albumin
DB01591,Solifenacin,SmallMoleculeDrug,P02763,Alpha-1-acid glycoprotein 1
DB01591,Solifenacin,SmallMoleculeDrug,P19652,Alpha-1-acid glycoprotein 2
DB01601,Lopinavir,SmallMoleculeDrug,P02763,Alpha-1-acid glycoprotein 1
DB01601,Lopinavir,SmallMoleculeDrug,P02768,Serum albumin
DB01611,Hydroxychloroquine,SmallMoleculeDrug,P02768,Serum albumin
DB01611,Hydroxychloroquine,SmallMoleculeDrug,P02763,Alpha-1-acid glycoprotein 1
DB01611,Hydroxychloroquine,SmallMoleculeDrug,P19652,Alpha-1-acid glycoprotein 2
DB01619,Phenindamine,SmallMoleculeDrug,P02768,Serum albumin
DB01621,Pipotiazine,SmallMoleculeDrug,P02768,Serum albumin
DB01623,Thiothixene,SmallMoleculeDrug,P02768,Serum albumin
DB01627,Lincomycin,SmallMoleculeDrug,P02763,Alpha-1-acid glycoprotein 1
DB01914,D-glucose,SmallMoleculeDrug,P02768,Serum albumin
DB02266,Flufenamic acid,SmallMoleculeDrug,P02766,Transthyretin
DB02659,Cholic Acid,SmallMoleculeDrug,P07148,"Fatty acid-binding protein, liver"
DB03017,Lauric acid,SmallMoleculeDrug,P02768,Serum albumin
DB03193,Stearic acid,SmallMoleculeDrug,P05413,"Fatty acid-binding protein, heart"
DB03193,Stearic acid,SmallMoleculeDrug,P02768,Serum albumin
DB03585,Oxyphenbutazone,SmallMoleculeDrug,P02768,Serum albumin
DB03766,Propanoic acid,SmallMoleculeDrug,P15090,"Fatty acid-binding protein, adipocyte"
DB03796,Palmitic Acid,SmallMoleculeDrug,P02768,Serum albumin
DB03796,Palmitic Acid,SmallMoleculeDrug,P15090,"Fatty acid-binding protein, adipocyte"
DB03796,Palmitic Acid,SmallMoleculeDrug,Q01469,"Fatty acid-binding protein, epidermal"
DB03796,Palmitic Acid,SmallMoleculeDrug,P05413,"Fatty acid-binding protein, heart"
DB03796,Palmitic Acid,SmallMoleculeDrug,P12104,"Fatty acid-binding protein, intestinal"
DB04224,Oleic Acid,SmallMoleculeDrug,P05413,"Fatty acid-binding protein, heart"
DB04224,Oleic Acid,SmallMoleculeDrug,P07148,"Fatty acid-binding protein, liver"
DB04224,Oleic Acid,SmallMoleculeDrug,P02768,Serum albumin
DB04224,Oleic Acid,SmallMoleculeDrug,P02774,Vitamin D-binding protein
DB04224,Oleic Acid,SmallMoleculeDrug,O15540,"Fatty acid-binding protein, brain"
DB04224,Oleic Acid,SmallMoleculeDrug,P15090,"Fatty acid-binding protein, adipocyte"
DB04574,Estrone sulfate,SmallMoleculeDrug,P04278,Sex hormone-binding globulin
DB04574,Estrone sulfate,SmallMoleculeDrug,P02768,Serum albumin
DB04711,Iodipamide,SmallMoleculeDrug,P02768,Serum albumin
DB04816,Dantron,SmallMoleculeDrug,P02768,Serum albumin
DB04821,Nomifensine,SmallMoleculeDrug,P02763,Alpha-1-acid glycoprotein 1
DB04847,Roxadustat,SmallMoleculeDrug,P02768,Serum albumin
DB04854,Febuxostat,SmallMoleculeDrug,P02768,Serum albumin
DB04855,Dronedarone,SmallMoleculeDrug,P02768,Serum albumin
DB04861,Nebivolol,SmallMoleculeDrug,P02768,Serum albumin
DB04911,Oritavancin,SmallMoleculeDrug,P02768,Serum albumin
DB04951,Pirfenidone,SmallMoleculeDrug,P02768,Serum albumin
DB05239,Cobimetinib,SmallMoleculeDrug,P02763,Alpha-1-acid glycoprotein 1
DB05260,Gallium nitrate,SmallMoleculeDrug,P02787,Serotransferrin
DB05294,Vandetanib,SmallMoleculeDrug,P02763,Alpha-1-acid glycoprotein 1
DB05294,Vandetanib,SmallMoleculeDrug,P02768,Serum albumin
DB05382,Iodine,SmallMoleculeDrug,P02768,Serum albumin
DB05382,Iodine,SmallMoleculeDrug,P01266,Thyroglobulin
DB05521,Telaprevir,SmallMoleculeDrug,P02768,Serum albumin
DB05521,Telaprevir,SmallMoleculeDrug,P02763,Alpha-1-acid glycoprotein 1
DB05812,Abiraterone,SmallMoleculeDrug,P02768,Serum albumin
DB05812,Abiraterone,SmallMoleculeDrug,P02763,Alpha-1-acid glycoprotein 1
DB06119,Cenobamate,SmallMoleculeDrug,P02768,Serum albumin
DB06150,Sulfadimethoxine,SmallMoleculeDrug,P02768,Serum albumin
DB06151,Acetylcysteine,SmallMoleculeDrug,P02768,Serum albumin
DB06201,Rufinamide,SmallMoleculeDrug,P02768,Serum albumin
DB06209,Prasugrel,SmallMoleculeDrug,P02768,Serum albumin
DB06215,Ferumoxytol,SmallMoleculeDrug,P02787,Serotransferrin
DB06216,Asenapine,SmallMoleculeDrug,P02768,Serum albumin
DB06216,Asenapine,SmallMoleculeDrug,P02763,Alpha-1-acid glycoprotein 1
DB06216,Asenapine,SmallMoleculeDrug,P19652,Alpha-1-acid glycoprotein 2
DB06234,Maribavir,SmallMoleculeDrug,P02768,Serum albumin
DB06234,Maribavir,SmallMoleculeDrug,P02763,Alpha-1-acid glycoprotein 1
DB06237,Avanafil,SmallMoleculeDrug,P02768,Serum albumin
DB06237,Avanafil,SmallMoleculeDrug,P02763,Alpha-1-acid glycoprotein 1
DB06282,Levocetirizine,SmallMoleculeDrug,P02768,Serum albumin
DB06290,Simeprevir,SmallMoleculeDrug,P02768,Serum albumin
DB06412,Oxymetholone,SmallMoleculeDrug,P02768,Serum albumin
DB06412,Oxymetholone,SmallMoleculeDrug,P04278,Sex hormone-binding globulin
DB06480,Prucalopride,SmallMoleculeDrug,P02768,Serum albumin
DB06636,Isavuconazonium,SmallMoleculeDrug,P02768,Serum albumin
DB06655,Liraglutide,BiotechDrug,P02768,Serum albumin
DB06695,Dabigatran etexilate,SmallMoleculeDrug,P02768,Serum albumin
DB06705,Gadofosveset trisodium,SmallMoleculeDrug,P02768,Serum albumin
DB06710,Methyltestosterone,SmallMoleculeDrug,P02768,Serum albumin
DB06710,Methyltestosterone,SmallMoleculeDrug,P04278,Sex hormone-binding globulin
DB06716,Fospropofol,SmallMoleculeDrug,P02768,Serum albumin
DB06755,Beta carotene,SmallMoleculeDrug,P98155,Very low-density lipoprotein receptor
DB06755,Beta carotene,SmallMoleculeDrug,P09455,Retinol-binding protein 1
DB06755,Beta carotene,SmallMoleculeDrug,P50120,Retinol-binding protein 2
DB06755,Beta carotene,SmallMoleculeDrug,P10745,Retinol-binding protein 3
DB06755,Beta carotene,SmallMoleculeDrug,P02753,Retinol-binding protein 4
DB06755,Beta carotene,SmallMoleculeDrug,P82980,Retinol-binding protein 5
DB06772,Cabazitaxel,SmallMoleculeDrug,P02768,Serum albumin
DB06772,Cabazitaxel,SmallMoleculeDrug,P01130,Low-density lipoprotein receptor
DB06772,Cabazitaxel,SmallMoleculeDrug,P98155,Very low-density lipoprotein receptor
DB06772,Cabazitaxel,SmallMoleculeDrug,Q8IV16,Glycosylphosphatidylinositol-anchored high density lipoprotein-binding protein 1
DB06784,Gallium citrate Ga-67,SmallMoleculeDrug,P02787,Serotransferrin
DB06784,Gallium citrate Ga-67,SmallMoleculeDrug,P02788,Lactotransferrin
DB06784,Gallium citrate Ga-67,SmallMoleculeDrug,P02792,Ferritin light chain
DB06784,Gallium citrate Ga-67,SmallMoleculeDrug,P02794,Ferritin heavy chain
DB06796,Mangafodipir,SmallMoleculeDrug,P01023,Alpha-2-macroglobulin
DB06796,Mangafodipir,SmallMoleculeDrug,P02768,Serum albumin
DB06813,Pralatrexate,SmallMoleculeDrug,P02768,Serum albumin
DB07565,Chloramphenicol succinate,SmallMoleculeDrug,P02768,Serum albumin
DB08804,Nandrolone decanoate,SmallMoleculeDrug,P04278,Sex hormone-binding globulin
DB08814,Triflusal,SmallMoleculeDrug,P02768,Serum albumin
DB08816,Ticagrelor,SmallMoleculeDrug,P02768,Serum albumin
DB08820,Ivacaftor,SmallMoleculeDrug,P02768,Serum albumin
DB08820,Ivacaftor,SmallMoleculeDrug,P02763,Alpha-1-acid glycoprotein 1
DB08822,Azilsartan medoxomil,SmallMoleculeDrug,P02768,Serum albumin
DB08828,Vismodegib,SmallMoleculeDrug,P02768,Serum albumin
DB08828,Vismodegib,SmallMoleculeDrug,P02763,Alpha-1-acid glycoprotein 1
DB08860,Pitavastatin,SmallMoleculeDrug,P02768,Serum albumin
DB08860,Pitavastatin,SmallMoleculeDrug,P02763,Alpha-1-acid glycoprotein 1
DB08864,Rilpivirine,SmallMoleculeDrug,P02768,Serum albumin
DB08865,Crizotinib,SmallMoleculeDrug,P02768,Serum albumin
DB08865,Crizotinib,SmallMoleculeDrug,P02763,Alpha-1-acid glycoprotein 1
DB08865,Crizotinib,SmallMoleculeDrug,P19652,Alpha-1-acid glycoprotein 2
DB08867,Ulipristal,SmallMoleculeDrug,P02768,Serum albumin
DB08867,Ulipristal,SmallMoleculeDrug,P02763,Alpha-1-acid glycoprotein 1
DB08877,Ruxolitinib,SmallMoleculeDrug,P02768,Serum albumin
DB08881,Vemurafenib,SmallMoleculeDrug,P02768,Serum albumin
DB08881,Vemurafenib,SmallMoleculeDrug,P02763,Alpha-1-acid glycoprotein 1
DB08893,Mirabegron,SmallMoleculeDrug,P02768,Serum albumin
DB08893,Mirabegron,SmallMoleculeDrug,P02763,Alpha-1-acid glycoprotein 1
DB08895,Tofacitinib,SmallMoleculeDrug,P02768,Serum albumin
DB08899,Enzalutamide,SmallMoleculeDrug,P02768,Serum albumin
DB08903,Bedaquiline,SmallMoleculeDrug,P02768,Serum albumin
DB08903,Bedaquiline,SmallMoleculeDrug,P02763,Alpha-1-acid glycoprotein 1
DB08906,Fluticasone furoate,SmallMoleculeDrug,P08185,Corticosteroid-binding globulin
DB08906,Fluticasone furoate,SmallMoleculeDrug,P02768,Serum albumin
DB08906,Fluticasone furoate,SmallMoleculeDrug,P02763,Alpha-1-acid glycoprotein 1
DB08907,Canagliflozin,SmallMoleculeDrug,P02763,Alpha-1-acid glycoprotein 1
DB08912,Dabrafenib,SmallMoleculeDrug,P02768,Serum albumin
DB08930,Dolutegravir,SmallMoleculeDrug,P02768,Serum albumin
DB08930,Dolutegravir,SmallMoleculeDrug,P02763,Alpha-1-acid glycoprotein 1
DB08930,Dolutegravir,SmallMoleculeDrug,P19652,Alpha-1-acid glycoprotein 2
DB08931,Riociguat,SmallMoleculeDrug,P02768,Serum albumin
DB08931,Riociguat,SmallMoleculeDrug,P02763,Alpha-1-acid glycoprotein 1
DB08932,Macitentan,SmallMoleculeDrug,P02768,Serum albumin
DB08932,Macitentan,SmallMoleculeDrug,P02763,Alpha-1-acid glycoprotein 1
DB08932,Macitentan,SmallMoleculeDrug,P19652,Alpha-1-acid glycoprotein 2
DB08936,Chlorcyclizine,SmallMoleculeDrug,P02768,Serum albumin
DB08995,Diosmin,SmallMoleculeDrug,P02768,Serum albumin
DB09053,Ibrutinib,SmallMoleculeDrug,P02768,Serum albumin
DB09053,Ibrutinib,SmallMoleculeDrug,P02763,Alpha-1-acid glycoprotein 1
DB09053,Ibrutinib,SmallMoleculeDrug,P19652,Alpha-1-acid glycoprotein 2
DB09069,Trimetazidine,SmallMoleculeDrug,P02768,Serum albumin
DB09070,Tibolone,SmallMoleculeDrug,P02768,Serum albumin
DB09073,Palbociclib,SmallMoleculeDrug,P02768,Serum albumin
DB09074,Olaparib,SmallMoleculeDrug,P02768,Serum albumin
DB09074,Olaparib,SmallMoleculeDrug,P02763,Alpha-1-acid glycoprotein 1
DB09076,Umeclidinium,SmallMoleculeDrug,P02768,Serum albumin
DB09076,Umeclidinium,SmallMoleculeDrug,P02763,Alpha-1-acid glycoprotein 1
DB09079,Nintedanib,SmallMoleculeDrug,P02768,Serum albumin
DB09087,Potassium alum,SmallMoleculeDrug,P02768,Serum albumin
DB09093,Chlortetracycline,SmallMoleculeDrug,P02768,Serum albumin
DB09100,"Thyroid, porcine",BiotechDrug,P02768,Serum albumin
DB09100,"Thyroid, porcine",BiotechDrug,P02766,Transthyretin
DB09100,"Thyroid, porcine",BiotechDrug,P05543,Thyroxine-binding globulin
DB09124,Medrogestone,SmallMoleculeDrug,P02768,Serum albumin
DB09124,Medrogestone,SmallMoleculeDrug,P04278,Sex hormone-binding globulin
DB09124,Medrogestone,SmallMoleculeDrug,P08185,Corticosteroid-binding globulin
DB09128,Brexpiprazole,SmallMoleculeDrug,P02768,Serum albumin
DB09128,Brexpiprazole,SmallMoleculeDrug,P02763,Alpha-1-acid glycoprotein 1
DB09130,Copper,SmallMoleculeDrug,P02768,Serum albumin
DB09130,Copper,SmallMoleculeDrug,P01023,Alpha-2-macroglobulin
DB09130,Copper,SmallMoleculeDrug,P00450,Ceruloplasmin
DB09130,Copper,SmallMoleculeDrug,O00244,Copper transport protein ATOX1
DB09130,Copper,SmallMoleculeDrug,O14618,Copper chaperone for superoxide dismutase
DB09130,Copper,SmallMoleculeDrug,Q14061,Cytochrome c oxidase copper chaperone
DB09130,Copper,SmallMoleculeDrug,Q9BQS7,Hephaestin
DB09130,Copper,SmallMoleculeDrug,P12259,Coagulation factor V
DB09130,Copper,SmallMoleculeDrug,P00451,Coagulation factor VIII
DB09130,Copper,SmallMoleculeDrug,Q14872,Metal regulatory transcription factor 1
DB09130,Copper,SmallMoleculeDrug,P0DM35,Metallothionein 1H-like protein 1
DB09130,Copper,SmallMoleculeDrug,P04731,Metallothionein-1A
DB09130,Copper,SmallMoleculeDrug,P07438,Metallothionein-1B
DB09130,Copper,SmallMoleculeDrug,P04732,Metallothionein-1E
DB09130,Copper,SmallMoleculeDrug,P04733,Metallothionein-1F
DB09130,Copper,SmallMoleculeDrug,P13640,Metallothionein-1G
DB09130,Copper,SmallMoleculeDrug,P80294,Metallothionein-1H
DB09130,Copper,SmallMoleculeDrug,Q93083,Metallothionein-1L
DB09130,Copper,SmallMoleculeDrug,Q8N339,Metallothionein-1M
DB09130,Copper,SmallMoleculeDrug,P80297,Metallothionein-1X
DB09130,Copper,SmallMoleculeDrug,P02795,Metallothionein-2
DB09130,Copper,SmallMoleculeDrug,P25713,Metallothionein-3
DB09130,Copper,SmallMoleculeDrug,P47944,Metallothionein-4
DB09130,Copper,SmallMoleculeDrug,A1L3X4,Putative metallothionein MT1DP
DB09130,Copper,SmallMoleculeDrug,Q9Y4I5,Tesmin
DB09139,Technetium Tc-99m oxidronate,SmallMoleculeDrug,P02768,Serum albumin
DB09140,Oxygen,SmallMoleculeDrug,P68871,Hemoglobin subunit beta
DB09140,Oxygen,SmallMoleculeDrug,P69905,Hemoglobin subunit alpha
DB09160,Technetium Tc-99m tetrofosmin,SmallMoleculeDrug,P08183,Multidrug resistance protein 1
DB09195,Lorpiprazole,SmallMoleculeDrug,P02768,Serum albumin
DB09213,Dexibuprofen,SmallMoleculeDrug,P02768,Serum albumin
DB09236,Lacidipine,SmallMoleculeDrug,P02768,Serum albumin
DB09236,Lacidipine,SmallMoleculeDrug,P02763,Alpha-1-acid glycoprotein 1
DB09237,Levamlodipine,SmallMoleculeDrug,P02768,Serum albumin
DB09241,Methylene blue,SmallMoleculeDrug,P02768,Serum albumin
DB09256,Tegafur,SmallMoleculeDrug,P05543,Thyroxine-binding globulin
DB09270,Ubidecarenone,SmallMoleculeDrug,P01130,Low-density lipoprotein receptor
DB09270,Ubidecarenone,SmallMoleculeDrug,P98155,Very low-density lipoprotein receptor
DB09274,Artesunate,SmallMoleculeDrug,P02768,Serum albumin
DB09280,Lumacaftor,SmallMoleculeDrug,P02768,Serum albumin
DB09299,Tenofovir alafenamide,SmallMoleculeDrug,P02768,Serum albumin
DB09317,"Synthetic Conjugated Estrogens, A",SmallMoleculeDrug,P05543,Thyroxine-binding globulin
DB09318,"Synthetic Conjugated Estrogens, B",SmallMoleculeDrug,P05543,Thyroxine-binding globulin
DB09329,"Antihemophilic factor (recombinant), PEGylated",BiotechDrug,P04275,von Willebrand factor
DB09333,Iopodic acid,SmallMoleculeDrug,P02768,Serum albumin
DB09348,Propiolactone,SmallMoleculeDrug,P02768,Serum albumin
DB09381,Esterified estrogens,SmallMoleculeDrug,P05543,Thyroxine-binding globulin
DB09383,Meprednisone,SmallMoleculeDrug,P02768,Serum albumin
DB09418,Potassium perchlorate,SmallMoleculeDrug,P02768,Serum albumin
DB09526,Hydroquinone,SmallMoleculeDrug,P02768,Serum albumin
DB09555,Dexchlorpheniramine maleate,SmallMoleculeDrug,O15245,Solute carrier family 22 member 1
DB09555,Dexchlorpheniramine maleate,SmallMoleculeDrug,O15244,Solute carrier family 22 member 2
DB09564,Insulin degludec,BiotechDrug,P02768,Serum albumin
DB09568,Omega-3-carboxylic acids,SmallMoleculeDrug,Q9UKL6,Phosphatidylcholine transfer protein
DB09568,Omega-3-carboxylic acids,SmallMoleculeDrug,P30086,Phosphatidylethanolamine-binding protein 1
DB11093,Calcium citrate,SmallMoleculeDrug,P05937,Calbindin
DB11093,Calcium citrate,SmallMoleculeDrug,P29377,Protein S100-G
DB11093,Calcium citrate,SmallMoleculeDrug,P02768,Serum albumin
DB11100,Allantoin,SmallMoleculeDrug,P05543,Thyroxine-binding globulin
DB11130,Opium,SmallMoleculeDrug,P02768,Serum albumin
DB11130,Opium,SmallMoleculeDrug,P61769,Beta-2-microglobulin
DB11134,Cupric oxide,SmallMoleculeDrug,P02768,Serum albumin
DB11134,Cupric oxide,SmallMoleculeDrug,P00450,Ceruloplasmin
DB11136,Chromium,SmallMoleculeDrug,P02787,Serotransferrin
DB11148,Butamben,SmallMoleculeDrug,P02763,Alpha-1-acid glycoprotein 1
DB11148,Butamben,SmallMoleculeDrug,P02768,Serum albumin
DB11182,Rose bengal,SmallMoleculeDrug,P02768,Serum albumin
DB11182,Rose bengal,SmallMoleculeDrug,P02788,Lactotransferrin
DB11182,Rose bengal,SmallMoleculeDrug,P02787,Serotransferrin
DB11217,Arbutin,SmallMoleculeDrug,P02768,Serum albumin
DB11221,Dioxybenzone,SmallMoleculeDrug,P02773,Alpha-fetoprotein
DB11251,Tocopherol,SmallMoleculeDrug,P98155,Very low-density lipoprotein receptor
DB11251,Tocopherol,SmallMoleculeDrug,P01130,Low-density lipoprotein receptor
DB11348,Calcium Phosphate,SmallMoleculeDrug,P05937,Calbindin
DB11348,Calcium Phosphate,SmallMoleculeDrug,P29377,Protein S100-G
DB11348,Calcium Phosphate,SmallMoleculeDrug,P02768,Serum albumin
DB11575,Grazoprevir,SmallMoleculeDrug,P02768,Serum albumin
DB11575,Grazoprevir,SmallMoleculeDrug,P02763,Alpha-1-acid glycoprotein 1
DB11590,Thimerosal,SmallMoleculeDrug,P02768,Serum albumin
DB11637,Delamanid,SmallMoleculeDrug,P02768,Serum albumin
DB11637,Delamanid,SmallMoleculeDrug,P02763,Alpha-1-acid glycoprotein 1
DB11641,Vinflunine,SmallMoleculeDrug,P02768,Serum albumin
DB11641,Vinflunine,SmallMoleculeDrug,P02763,Alpha-1-acid glycoprotein 1
DB11641,Vinflunine,SmallMoleculeDrug,P19652,Alpha-1-acid glycoprotein 2
DB11642,Pitolisant,SmallMoleculeDrug,P02768,Serum albumin
DB11642,Pitolisant,SmallMoleculeDrug,P02763,Alpha-1-acid glycoprotein 1
DB11677,Triheptanoin,SmallMoleculeDrug,P02768,Serum albumin
DB11689,Selumetinib,SmallMoleculeDrug,P02768,Serum albumin
DB11689,Selumetinib,SmallMoleculeDrug,P02763,Alpha-1-acid glycoprotein 1
DB11689,Selumetinib,SmallMoleculeDrug,P19652,Alpha-1-acid glycoprotein 2
DB11703,Acalabrutinib,SmallMoleculeDrug,P02768,Serum albumin
DB11703,Acalabrutinib,SmallMoleculeDrug,P02763,Alpha-1-acid glycoprotein 1
DB11703,Acalabrutinib,SmallMoleculeDrug,P19652,Alpha-1-acid glycoprotein 2
DB11718,Encorafenib,SmallMoleculeDrug,P02768,Serum albumin
DB11739,Vonoprazan,SmallMoleculeDrug,P02768,Serum albumin
DB11739,Vonoprazan,SmallMoleculeDrug,P02763,Alpha-1-acid glycoprotein 1
DB11751,Cabotegravir,SmallMoleculeDrug,P02768,Serum albumin
DB11753,Rifamycin,SmallMoleculeDrug,P02768,Serum albumin
DB11757,Istradefylline,SmallMoleculeDrug,P02768,Serum albumin
DB11757,Istradefylline,SmallMoleculeDrug,P02763,Alpha-1-acid glycoprotein 1
DB11757,Istradefylline,SmallMoleculeDrug,P19652,Alpha-1-acid glycoprotein 2
DB11793,Niraparib,SmallMoleculeDrug,P02768,Serum albumin
DB11796,Fostemsavir,SmallMoleculeDrug,P02768,Serum albumin
DB11800,Tivozanib,SmallMoleculeDrug,P02768,Serum albumin
DB11820,Nifurtimox,SmallMoleculeDrug,P02768,Serum albumin
DB11827,Ertugliflozin,SmallMoleculeDrug,P02768,Serum albumin
DB11828,Neratinib,SmallMoleculeDrug,P02768,Serum albumin
DB11828,Neratinib,SmallMoleculeDrug,P02763,Alpha-1-acid glycoprotein 1
DB11828,Neratinib,SmallMoleculeDrug,P19652,Alpha-1-acid glycoprotein 2
DB11853,Relugolix,SmallMoleculeDrug,P02768,Serum albumin
DB11853,Relugolix,SmallMoleculeDrug,P02763,Alpha-1-acid glycoprotein 1
DB11855,Revefenacin,SmallMoleculeDrug,P02768,Serum albumin
DB11886,Infigratinib,SmallMoleculeDrug,P02647,Apolipoprotein A-I
DB11886,Infigratinib,SmallMoleculeDrug,P02652,Apolipoprotein A-II
DB11886,Infigratinib,SmallMoleculeDrug,P06727,Apolipoprotein A-IV
DB11886,Infigratinib,SmallMoleculeDrug,P04114,Apolipoprotein B-100
DB11886,Infigratinib,SmallMoleculeDrug,P02655,Apolipoprotein C-II
DB11886,Infigratinib,SmallMoleculeDrug,P02656,Apolipoprotein C-III
DB11886,Infigratinib,SmallMoleculeDrug,P05090,Apolipoprotein D
DB11886,Infigratinib,SmallMoleculeDrug,P02649,Apolipoprotein E
DB11886,Infigratinib,SmallMoleculeDrug,O14791,Apolipoprotein L1
DB11886,Infigratinib,SmallMoleculeDrug,O95445,Apolipoprotein M
DB11886,Infigratinib,SmallMoleculeDrug,P08519,Apolipoprotein(a)
DB11901,Apalutamide,SmallMoleculeDrug,P02768,Serum albumin
DB11943,Delafloxacin,SmallMoleculeDrug,P02768,Serum albumin
DB11963,Dacomitinib,SmallMoleculeDrug,P02768,Serum albumin
DB11967,Binimetinib,SmallMoleculeDrug,P02768,Serum albumin
DB11978,Glasdegib,SmallMoleculeDrug,P02768,Serum albumin
DB11978,Glasdegib,SmallMoleculeDrug,P02763,Alpha-1-acid glycoprotein 1
DB11978,Glasdegib,SmallMoleculeDrug,P19652,Alpha-1-acid glycoprotein 2
DB12001,Abemaciclib,SmallMoleculeDrug,P02768,Serum albumin
DB12001,Abemaciclib,SmallMoleculeDrug,P02763,Alpha-1-acid glycoprotein 1
DB12001,Abemaciclib,SmallMoleculeDrug,P19652,Alpha-1-acid glycoprotein 2
DB12005,Nirogacestat,SmallMoleculeDrug,P02768,Serum albumin
DB12005,Nirogacestat,SmallMoleculeDrug,P02763,Alpha-1-acid glycoprotein 1
DB12005,Nirogacestat,SmallMoleculeDrug,P19652,Alpha-1-acid glycoprotein 2
DB12095,Telotristat ethyl,SmallMoleculeDrug,Q9UNQ0,ATP-binding cassette sub-family G member 2
DB12141,Gilteritinib,SmallMoleculeDrug,P02768,Serum albumin
DB12147,Erdafitinib,SmallMoleculeDrug,P02763,Alpha-1-acid glycoprotein 1
DB12147,Erdafitinib,SmallMoleculeDrug,P19652,Alpha-1-acid glycoprotein 2
DB12235,Estetrol,SmallMoleculeDrug,P02768,Serum albumin
DB12235,Estetrol,SmallMoleculeDrug,P02763,Alpha-1-acid glycoprotein 1
DB12243,Edaravone,SmallMoleculeDrug,P02768,Serum albumin
DB12255,Vadadustat,SmallMoleculeDrug,P02768,Serum albumin
DB12404,Remimazolam,SmallMoleculeDrug,P02768,Serum albumin
DB12455,Omadacycline,SmallMoleculeDrug,P02768,Serum albumin
DB12466,Favipiravir,SmallMoleculeDrug,P02768,Serum albumin
DB12466,Favipiravir,SmallMoleculeDrug,P02763,Alpha-1-acid glycoprotein 1
DB12466,Favipiravir,SmallMoleculeDrug,P19652,Alpha-1-acid glycoprotein 2
DB12471,Ibrexafungerp,SmallMoleculeDrug,P02768,Serum albumin
DB12483,Copanlisib,SmallMoleculeDrug,P02768,Serum albumin
DB12674,Lurbinectedin,SmallMoleculeDrug,P02768,Serum albumin
DB12674,Lurbinectedin,SmallMoleculeDrug,P02763,Alpha-1-acid glycoprotein 1
DB12874,Quizartinib,SmallMoleculeDrug,P02768,Serum albumin
DB12941,Darolutamide,SmallMoleculeDrug,P02768,Serum albumin
DB12978,Pexidartinib,SmallMoleculeDrug,P02768,Serum albumin
DB12978,Pexidartinib,SmallMoleculeDrug,P02763,Alpha-1-acid glycoprotein 1
DB13421,Edoxudine,SmallMoleculeDrug,P02768,Serum albumin
DB13751,Glycyrrhizic acid,SmallMoleculeDrug,P17516,Aldo-keto reductase family 1 member C4
DB13751,Glycyrrhizic acid,SmallMoleculeDrug,P42330,Aldo-keto reductase family 1 member C3
DB13751,Glycyrrhizic acid,SmallMoleculeDrug,P52895,Aldo-keto reductase family 1 member C2
DB13751,Glycyrrhizic acid,SmallMoleculeDrug,P02768,Serum albumin
DB13867,Fluticasone,SmallMoleculeDrug,P08185,Corticosteroid-binding globulin
DB13867,Fluticasone,SmallMoleculeDrug,P08183,Multidrug resistance protein 1
DB13867,Fluticasone,SmallMoleculeDrug,Q9Y6L6,Solute carrier organic anion transporter family member 1B1
DB13874,Enasidenib,SmallMoleculeDrug,P02768,Serum albumin
DB13909,Bismuth subgallate,SmallMoleculeDrug,P02768,Serum albumin
DB13928,Semaglutide,SmallMoleculeDrug,P02768,Serum albumin
DB13943,Testosterone cypionate,SmallMoleculeDrug,P02768,Serum albumin
DB13943,Testosterone cypionate,SmallMoleculeDrug,P04278,Sex hormone-binding globulin
DB13944,Testosterone enanthate,SmallMoleculeDrug,P02768,Serum albumin
DB13944,Testosterone enanthate,SmallMoleculeDrug,P04278,Sex hormone-binding globulin
DB13946,Testosterone undecanoate,SmallMoleculeDrug,P02768,Serum albumin
DB13946,Testosterone undecanoate,SmallMoleculeDrug,P04278,Sex hormone-binding globulin
DB13949,Ferric cation,SmallMoleculeDrug,P02787,Serotransferrin
DB13949,Ferric cation,SmallMoleculeDrug,P05106,Integrin beta-3
DB13949,Ferric cation,SmallMoleculeDrug,P27797,Calreticulin
DB13952,Estradiol acetate,SmallMoleculeDrug,P04278,Sex hormone-binding globulin
DB13952,Estradiol acetate,SmallMoleculeDrug,P02768,Serum albumin
DB13952,Estradiol acetate,SmallMoleculeDrug,P12104,"Fatty acid-binding protein, intestinal"
DB13953,Estradiol benzoate,SmallMoleculeDrug,P04278,Sex hormone-binding globulin
DB13953,Estradiol benzoate,SmallMoleculeDrug,P02768,Serum albumin
DB13953,Estradiol benzoate,SmallMoleculeDrug,P12104,"Fatty acid-binding protein, intestinal"
DB13954,Estradiol cypionate,SmallMoleculeDrug,P04278,Sex hormone-binding globulin
DB13954,Estradiol cypionate,SmallMoleculeDrug,P02768,Serum albumin
DB13954,Estradiol cypionate,SmallMoleculeDrug,P12104,"Fatty acid-binding protein, intestinal"
DB13955,Estradiol dienanthate,SmallMoleculeDrug,P04278,Sex hormone-binding globulin
DB13955,Estradiol dienanthate,SmallMoleculeDrug,P02768,Serum albumin
DB13955,Estradiol dienanthate,SmallMoleculeDrug,P12104,"Fatty acid-binding protein, intestinal"
DB13956,Estradiol valerate,SmallMoleculeDrug,P04278,Sex hormone-binding globulin
DB13956,Estradiol valerate,SmallMoleculeDrug,P02768,Serum albumin
DB13956,Estradiol valerate,SmallMoleculeDrug,P12104,"Fatty acid-binding protein, intestinal"
DB13959,Medium-chain triglycerides,SmallMoleculeDrug,P02768,Serum albumin
DB14001,alpha-Tocopherol succinate,SmallMoleculeDrug,P49638,Alpha-tocopherol transfer protein
DB14002,D-alpha-Tocopherol acetate,SmallMoleculeDrug,P49638,Alpha-tocopherol transfer protein
DB14003,alpha-Tocopherol acetate,SmallMoleculeDrug,P98155,Very low-density lipoprotein receptor
DB14003,alpha-Tocopherol acetate,SmallMoleculeDrug,P01130,Low-density lipoprotein receptor
DB14007,Pentetic acid,SmallMoleculeDrug,P01009,Alpha-1-antitrypsin
DB14185,Aripiprazole lauroxil,SmallMoleculeDrug,P02768,Serum albumin
DB14481,Calcium phosphate dihydrate,SmallMoleculeDrug,P05937,Calbindin
DB14481,Calcium phosphate dihydrate,SmallMoleculeDrug,P29377,Protein S100-G
DB14481,Calcium phosphate dihydrate,SmallMoleculeDrug,P02768,Serum albumin
DB14513,Magnesium,SmallMoleculeDrug,P02768,Serum albumin
DB14517,Aluminium phosphate,SmallMoleculeDrug,P02768,Serum albumin
DB14518,Aluminum acetate,SmallMoleculeDrug,P02768,Serum albumin
DB14520,Tetraferric tricitrate decahydrate,SmallMoleculeDrug,P02787,Serotransferrin
DB14520,Tetraferric tricitrate decahydrate,SmallMoleculeDrug,P05106,Integrin beta-3
DB14520,Tetraferric tricitrate decahydrate,SmallMoleculeDrug,P27797,Calreticulin
DB14527,Chromic nitrate,SmallMoleculeDrug,P02787,Serotransferrin
DB14528,Chromium gluconate,SmallMoleculeDrug,P02787,Serotransferrin
DB14529,Chromium nicotinate,SmallMoleculeDrug,P02787,Serotransferrin
DB14530,Chromous sulfate,SmallMoleculeDrug,P02787,Serotransferrin
DB14533,Zinc chloride,SmallMoleculeDrug,P02768,Serum albumin
DB14539,Hydrocortisone acetate,SmallMoleculeDrug,P04278,Sex hormone-binding globulin
DB14539,Hydrocortisone acetate,SmallMoleculeDrug,P08185,Corticosteroid-binding globulin
DB14540,Hydrocortisone butyrate,SmallMoleculeDrug,P04278,Sex hormone-binding globulin
DB14540,Hydrocortisone butyrate,SmallMoleculeDrug,P08185,Corticosteroid-binding globulin
DB14541,Hydrocortisone cypionate,SmallMoleculeDrug,P04278,Sex hormone-binding globulin
DB14541,Hydrocortisone cypionate,SmallMoleculeDrug,P08185,Corticosteroid-binding globulin
DB14542,Hydrocortisone phosphate,SmallMoleculeDrug,P04278,Sex hormone-binding globulin
DB14542,Hydrocortisone phosphate,SmallMoleculeDrug,P08185,Corticosteroid-binding globulin
DB14543,Hydrocortisone probutate,SmallMoleculeDrug,P04278,Sex hormone-binding globulin
DB14543,Hydrocortisone probutate,SmallMoleculeDrug,P08185,Corticosteroid-binding globulin
DB14544,Hydrocortisone valerate,SmallMoleculeDrug,P04278,Sex hormone-binding globulin
DB14544,Hydrocortisone valerate,SmallMoleculeDrug,P08185,Corticosteroid-binding globulin
DB14548,"Zinc sulfate, unspecified form",SmallMoleculeDrug,P02768,Serum albumin
DB14582,Patisiran,BiotechDrug,P02768,Serum albumin
DB14582,Patisiran,BiotechDrug,P02763,Alpha-1-acid glycoprotein 1
DB14582,Patisiran,BiotechDrug,P19652,Alpha-1-acid glycoprotein 2
DB14631,Prednisolone phosphate,SmallMoleculeDrug,P08185,Corticosteroid-binding globulin
DB14631,Prednisolone phosphate,SmallMoleculeDrug,P02768,Serum albumin
DB14649,Dexamethasone acetate,SmallMoleculeDrug,P02768,Serum albumin
DB14669,Betamethasone phosphate,SmallMoleculeDrug,P08185,Corticosteroid-binding globulin
DB14669,Betamethasone phosphate,SmallMoleculeDrug,P02768,Serum albumin
DB14840,Ripretinib,SmallMoleculeDrug,P02768,Serum albumin
DB14840,Ripretinib,SmallMoleculeDrug,P02763,Alpha-1-acid glycoprotein 1
DB14840,Ripretinib,SmallMoleculeDrug,P19652,Alpha-1-acid glycoprotein 2
DB14879,Cefiderocol,SmallMoleculeDrug,P02768,Serum albumin
DB14973,Abrocitinib,SmallMoleculeDrug,P02768,Serum albumin
DB14999,Human interferon beta,BiotechDrug,P02768,Serum albumin
DB15093,Somapacitan,BiotechDrug,P02768,Serum albumin
DB15133,Tepotinib,SmallMoleculeDrug,P02768,Serum albumin
DB15133,Tepotinib,SmallMoleculeDrug,P02763,Alpha-1-acid glycoprotein 1
DB15149,Futibatinib,SmallMoleculeDrug,P02768,Serum albumin
DB15149,Futibatinib,SmallMoleculeDrug,P02763,Alpha-1-acid glycoprotein 1
DB15171,Tirzepatide,BiotechDrug,P02768,Serum albumin
DB15248,Bulevirtide,BiotechDrug,P02768,Serum albumin
DB15305,Risdiplam,SmallMoleculeDrug,P02768,Serum albumin
DB15444,Elexacaftor,SmallMoleculeDrug,P02768,Serum albumin
DB15456,Vericiguat,SmallMoleculeDrug,P02768,Serum albumin
DB15534,Colchiceine,SmallMoleculeDrug,P02768,Serum albumin
DB15566,Prednisolone acetate,SmallMoleculeDrug,P08185,Corticosteroid-binding globulin
DB15566,Prednisolone acetate,SmallMoleculeDrug,P02768,Serum albumin
DB15575,Padeliporfin,SmallMoleculeDrug,P02768,Serum albumin
DB15690,Fluoroestradiol F-18,SmallMoleculeDrug,P04278,Sex hormone-binding globulin
DB15690,Fluoroestradiol F-18,SmallMoleculeDrug,P02768,Serum albumin
DB15935,Lumasiran,BiotechDrug,P02768,Serum albumin
DB16165,Finerenone,SmallMoleculeDrug,P02768,Serum albumin
DB16200,Iptacopan,SmallMoleculeDrug,P02768,Serum albumin
DB16200,Iptacopan,SmallMoleculeDrug,P02763,Alpha-1-acid glycoprotein 1
DB16699,Vutrisiran,BiotechDrug,P02768,Serum albumin
DB16703,Belumosudil,SmallMoleculeDrug,P02768,Serum albumin
DB16703,Belumosudil,SmallMoleculeDrug,P02763,Alpha-1-acid glycoprotein 1
DB17083,Linzagolix,SmallMoleculeDrug,P02768,Serum albumin
